,address
0,4800 W NORTH AVENUE
1,100 N CICERO AVENUE
2,1600 W GARFIELD BLVD
3,8900 S STONY ISLAND
4,4200 S CICERO AVENUE
5,132 W CERMAK ROAD
6,800 N SACRAMENTO AVEN
7,2400 N PULASKI RD
8,3200 N KEDZIE AVE
9,1 E 75TH STREET
10,9500 S HALSTED STREET
11,3200 W 31ST STREET
12,200 W 69TH STREET
13,5000 S ARCHER AVE
14,5200 W IRVING PARK ROA
15,300 N HAMLIN AVENUE
16,5600 W LAKE STREET
17,200 W GARFIELD BLVD
18,5700 S CORNELL DRIVE
19,4800 N ASHLAND AVENUE
20,3100 S ASHLAND AVENUE
21,4800 N CICERO AVENUE
22,2400 W DIVERSEY AVENUE
23,7600 S STONY ISLAND A
24,3400 W NORTH AVE
25,4400 W DIVISION STREET
26,6800 W GRAND AVENUE
27,11900 S HALSTED
28,2400 N ASHLAND AVENUE
29,4800 W ARMITAGE AVENUE
30,11100 S VINCENNES AVE
31,6400 N SHERIDAN ROAD
32,2200 S WESTERN AVENUE
33,2400 N CENTRAL AVENUE
34,1 S HALSTED STREET
35,6200 N LINCOLN AVENUE
36,7200 W HIGGINS AVENUE
37,5600 W MADISON STREET
38,9500 S JEFFERY AVE
39,1600 W 63RD STREET
40,2800 W DEVON AVENUE
41,3200 W ARMITAGE AVENUE
42,3200 W 63RD ST
43,4800 W BELMONT AVE
44,7900 S HALSTED STREET
45,150 N SACRAMENTO BOUL
46,3500 S WESTERN
47,1200 N ASHLAND AVENUE
48,8300 S STONY ISLAND A
49,1 N HALSTED STREET
50,3200 W 47TH ST
51,800 W 119TH STREET
52,2400 W VAN BUREN STREE
53,4800 W HARRISON STREET
54,2800 N KIMBALL AVENUE
55,800 W ROOSEVELT ROAD
56,2400 W NORTH AVE
57,5600 W BELMONT AVENUE
58,5200 W MADISON STREET
59,4700 S CICERO AVE
60,7100 S WESTERN AVENUE
61,4700 S ASHLAND AVENUE
62,1 E 79TH STREET
63,400 N CENTRAL AVENUE
64,1000 W HOLLYWOOD AVE
65,3200 N PULASKI RD
66,500 W ROOSEVELT ROAD
67,3700 W IRVING PARK ROA
68,8700 S ASHLAND AVE
69,800 E 95TH STREET
70,4000 W 79TH STREET
71,3200 N HARLEM AVE
72,2416 S DAMEN AVENUE
73,4800 W 47TH ST
74,6700 S CORNELL DRIVE
75,8300 S HALSTED STREET
76,600 S CICERO AVENUE
77,400 S WESTERN AVENUE
78,5200 N ELSTON AVENUE
79,2200 S CLARK STREET
80,2400 N HALSTED STREET
81,2200 S PULASKI
82,1200 S KOSTNER
83,800 W FULLERTON AVENUE
84,6400 W DEVON AVENUE
85,3100 S DR MARTIN L KING
86,2400 N WESTERN AVENUE
87,6400 N HARLEM AVE
88,5600 W FULLERTON AVENU
89,4800 N CICERO AVE
90,4000 W IRVING PARK RD
91,1600 E 95TH STREET
92,6700 S WESTERN AVENUE
93,6800 N WESTERN AVENUE
94,1200 W DEVON AVE
95,5200 N WESTERN AVE
96,2400 W 63RD ST
97,1600 W CORTLAND ST
98,3600 N HARLEM AVENUE
99,1600 E 79TH ST
100,3200 W IRVING PARK ROAD
101,2800 W NORTH AVENUE
102,4400 W OGDEN AVENUE
103,6700 S STONY ISLAND A
104,500 N COLUMBUS DRIVE
105,4400 W GRAND AVE
106,4700 S WESTERN AVENUE
107,2400 W PERSHING ROAD
108,5200 N PULASKI RD
109,6400 N MILWAUKEE AVEN
110,400 E 31ST STREET
111,3600 N WESTERN AVENUE
112,4000 W FOSTER AVE
113,7200 W BELMONT AVE
114,5600 W IRVING PARK ROAD
115,4800 N PULASKI ROAD
116,1600 W 87TH ST
117,2800 W IRVING PARK ROA
118,4000 W ROOSEVELT ROAD
119,3200 W BELMONT
120,3600 N CICERO AVENUE
121,1200 W 79TH STREET
122,4700 W IRVING PARK ROA
123,4000 N CENTRAL AVENUE
124,7900 S WESTERN AVE
125,3216 W ADDISON ST
126,5930 N CLARK STREET
127,6400 W ARCHER AVE
128,800 N WESTERN AVE
129,2400 W LAWRENCE AVENUE
130,2000 W FULLERTON AVE
131,1900 N ASHLAND AVE
132,7100 S ASHLAND
133,800 W 99TH ST
134,800 W DIVISION
135,4800 N WESTERN AVENUE
136,2800 N PULASKI ROAD
137,800 W 79TH STREET
138,3200 N CICERO AVE
139,2800 N ASHLAND AVENUE
140,2348 S KOSTNER AVENUE
141,2400 W PETERSON
142,3100 S CALIFORNIA
143,1600 W DIVERSEY PARKWA
144,7900 S COTTAGE GROVE
145,800 W 115TH STREET
146,3900 S WESTERN BLVD
147,2000 N KEDZIE AVENUE
148,7200 W ADDISON
149,3200 W DEVON AVENUE
150,2800 W 31ST
151,100 W CHICAGO AVENUE
152,5200 S CICERO AVE
153,4000 N CLARK STREET
154,4000 N ASHLAND AVENUE
155,1200 S PULASKI ROAD
156,5600 W CHICAGO AVENUE
157,7500 S STATE STREET
158,1200 N HALSTED
159,5500 S PULASKI
160,6000 N PULASKI ROAD
161,6300 S ASHLAND AVE
162,2400 W MONTROSE AVENUE
163,0 S CENTRAL AVENUE
164,2000 N WESTERN AVENUE
165,2800 W DIVERSEY
166,5500 N HARLEM AVENUE
167,2000 W DIVISION
168,3600 N ELSTON AVE
169,6000 W IRVING PARK ROAD
170,5100 S WESTERN BLVD
171,4000 W PETERSON AVENUE
172,2400 N LARAMIE AVENUE
173,1300 W IRVING PARK ROAD
174,2400 W ADDISON
175,7900 S STATE STREET
176,800 N PULASKI ROAD
177,6400 N WESTERN AVENUE
178,1600 W IRVING PARK ROA
179,4000 W NORTH AVENUE
180,8700 S LAFAYETTE AVEN
181,5200 W FULLERTON AVENUE
182,7432 W TOUHY AVENUE
183,9900 S HALSTED ST
184,7900 S STONEY ISLAND
185,6200 N KIMBALL AVENUE
186,11500 S HALSTED STREE
187,2400 N DAMEN AVE
188,4000 W CERMAK
189,9500 S COTTAGE GROVE
190,200 W NORTH AVENUE
191,800 N CICERO AVENUE
192,4800 W FULLERTON AVE
193,1600 W DIVISION STREET
194,3200 N KEDZIE AVENUE
195,4000 W DIVERSEY AVENUE
196,7100 S COTTAGE GROVE
197,6400 W IRVING PK
198,4000 W ARMITAGE AVENUE
199,6000 W ADDISON STREET
200,4000 W CHICAGO AVENUE
201,2400 N CLARK ST
202,7100 S KEDZIE AVENUE
203,11100 S HALSTED ST
204,1200 S CANAL STREET
205,4000 W FULLERTON AVE
206,7100 S PULASKI ROAD
207,2800 N DAMEN AVENUE
208,6000 W DIVERSEY AVENUE
209,2600 S KEDZIE AVENUE
210,10300 S HALSTED STREE
211,4400 W NORTH
212,4000 N AUSTIN AVENUE
213,2800 N CICERO AVENUE
214,6300 S STATE ST
215,3200 W 55TH STREET
216,3200 N CENTRAL AVENUE
217,4400 N PULASKI ROAD
218,848 W 87TH STREET
219,1200 N PULASKI ROAD
220,800 W BELMONT AVE
221,4800 N ELSTON AVENUE
222,30 W 87TH STREET
223,5500 S ASHLAND AVENUE
224,1600 E 83RD STREET
225,5200 N NAGLE
226,2400 W FOSTER AVE
227,5075 W MONTROSE AVENUE
228,3200 W 79TH ST
229,6000 W BELMONT AVE
230,2400 W 71ST STREET
231,1600 N WESTERN AVE
232,3200 N LAKESHORE DRIV
233,1600 N HALSTED STREET
234,4000 N PULASKI ROAD
235,6400 W FULLERTON AVENU
236,7900 S RACINE AVENUE
237,800 N CENTRAL AVENUE
238,5600 W ADDISON STREET
239,2400 W 55TH STREET
240,4000 W LAWRENCE AVENUE
241,5500 S WENTWORTH AVEN
242,2400 W MADISON
243,3100 S ARCHER AVENUE
244,6300 S HALSTED STREET
245,7900 S PULASKI ROAD
246,5200 N BROADWAY ST
247,2000 W DIVERSEY PARKWAY
248,2800 N WESTERN AVENUE
249,3400 W DIVERSEY AVENUE
250,6000 N WESTERN AVE
251,4400 N WESTERN AVENUE
252,5600 W DIVERSEY AVENUE
253,3200 N HALSTED ST
254,6300 S WESTERN AVE
255,1 E 63RD ST
256,1 S WESTERN AVE
257,5500 S KEDZIE AVENUE
258,2400 W 79TH ST
259,1600 N HOMAN AVENUE
260,4800 W CHICAGO AVENUE
261,4400 W ROOSEVELT
262,4440 W LAWRENCE AVENUE
263,4400 N MILWAUKEE AVEN
264,3500 S CALIFORNIA AVE
265,2800 N CENTRAL AVENUE
266,2800 W 47TH STREET
267,9500 S ASHLAND AVENUE
268,2000 N CICERO AVENUE
269,3200 W 71ST STREET
270,6300 S DAMEN AVENUE
271,3000 W CHICAGO AVENUE
272,800 W NORTH AVENUE
273,140 W KINZIE
274,5200 N SHERIDAN ROAD
275,5400 S ARCHER AVE
276,7200 N WESTERN AVENUE
277,1600 N PULASKI AVENUE
278,800 W 111TH ST
279,1000 W FOSTER AVE
280,1200 W FOSTER AVE
281,3600 N AUSTIN AVENUE
282,400 N LASALLE
283,4800 W DIVERSEY AVENUE
284,4932 W FOSTER AVENUE
285,3800 W MADISON STREET
286,4000 W MONTROSE AVENUE
287,5500 S WESTERN AVE
288,0 N HAMLIN BOULEVARD
289,400 W BELMONT AVE
290,2400 W MARQUETTE ROAD
291,4700 S KEDZIE AVE
292,3100 S KEDZIE AVENUE
293,800 W 103RD STREET
294,6400 N CALIFORNIA AVE
295,1600 W MADISON
296,4000 W 55TH ST
297,1600 W LAWRENCE AVENUE
298,7900 S KEDZIE AVE
299,2400 N CICERO AVE
300,2000 E 95TH ST
301,7900 S SOUTH CHICAGO AVE
302,4700 S CALIFORNIA AVE
303,4800 W PETERSON AVENUE
304,4000 N ELSTON AVENUE
305,2400 W CERMAK ROAD
306,8700 S VINCENNES
307,0 N ASHLAND AVE
308,6000 N CICERO AVENUE
309,6300 S PULASKI RD
310,1600 W 95TH STREET
311,2400 W CHICAGO AVE
312,2800 N CALIFORNIA AVE
313,1600 N KOSTNER
314,3600 N CENTRAL AVENUE
315,2000 E 79TH STREET
316,6000 N CALIFORNIA AVE
317,7900 S JEFFERY BOULEV
318,4000 W BELMONT AVE
319,800 E 79TH ST
320,4000 W 63RD ST
321,2400 W 51ST ST
322,2416 S BLUE ISLAND AV
323,6300 S KEDZIE AVE
324,1600 W 71ST
325,2800 W PETERSON AVENUE
326,5120 N PULASKI
327,4124 W FOSTER AVE
328,6909 S KEDZIE
329,3450 W 71ST
330,6818 S KEDZIE
331,2080 W PERSHING
332,3843 S WESTERN
333,3646 W MADISON
334,3655 W JACKSON
335,5330 S COTTAGE GROVE
336,2912 W ROOSEVELT
337,2917 W ROOSEVELT
338,3034 W FOSTER
339,57 E 95TH
340,62 E 95TH
341,445 W 127TH
342,2900 W OGDEN
343,5000 S ARCHER AVENUE
344,3100 W AUGUSTA
345,5816 W JACKSON
346,5454 W IRVING PARK
347,6523 N WESTERN
348,2705 W IRVING PARK
349,2712 W IRVING PARK
350,2721 W MONTROSE
351,2426 N DAMEN AVE
352,5232 N MILWAUKEE AVE
353,5885 N RIDGE AVE
354,1111 N HUMBOLDT
355,4831 W LAWRENCE AVE
356,140 N ASHLAND
357,4909 N CICERO AVE
358,6226 W IRVING PARK RD
359,4620 W BELMONT AVE
360,4042 W NORTH AVE
361,3200 S ARCHER AVE
362,3137 W PETERSON
363,1315 W GARFIELD BLVD
364,2448 N CLYBOURN AVE
365,4433 N WESTERN
366,2432 N ASHLAND
367,5471 W HIGGINS
368,1334 W GARFIELD BLVD
369,1754 N PULASKI RD
370,2417 W 103RD ST
371,1142 W IRVING PARK
372,5520 S WESTERN
373,5529 S WESTERN
374,324 S KEDZIE AVE
375,6247 W FULLERTON
376,506 S CENTRAL AVE
377,449 N COLUMBUS DR
378,1901 E 75TH ST
379,115 N OGDEN
380,5420 S RACINE AVE
381,6250 W FULLERTON
382,2928 S HALSTED
383,8318 S ASHLAND AVE
384,7422 S JEFFERY
385,536 E MORGAN DR
386,4053 W NORTH AVE
387,3047 W JACKSON BLVD
388,515 S CENTRAL AVE
389,2443 N ASHLAND
390,5432 W LAWRENCE
391,4123 N CENTRAL AVE
392,4436 N WESTERN
393,9618 S EWING AVE
394,2513 W 55TH
395,1507 W 83rd ST
396,5200 N NORTHWEST HWY
397,4432 N LINCOLN
398,2416 W 103RD ST
399,8345 S ASHLAND AVE
400,3542 E 95TH ST
401,3535 E 95TH ST
402,450 N COLUMBUS DR
403,5616 W FOSTER AVE
404,5232 N CENTRAL AVE
405,4446 N BROADWAY
406,4429 N BROADWAY
407,10318 S INDIANAPOLIS
408,6400 W FOSTER
409,141 N ASHLAND
410,3843 W 111TH
411,5440 W GRAND
412,4929 S PULASKI
413,324 E ILLINOIS ST
414,3851 W 79th
415,5030 S PULASKI
416,215 E 63RD ST
417,7833 S PULASKI
418,2549 W ADDISON
419,1229 N WESTERN AVE
420,1635 N ASHLAND AVE
421,4707 W PETERSON AVE
422,1117 S PULASKI RD
423,5739 N NORTHWEST HWY
424,4965 S ARCHER
425,629 S STATE
426,3130 N ASHLAND AVE
427,732 N PULASKI RD
428,4041 W CHICAGO AVE
429,5532 S KEDZIE AVE
430,11144 S VINCENNES
431,19 W CHICAGO AVE
432,2109 E 87TH ST
433,4042 W ROOSEVELT RD
434,1226 N WESTERN AVE
435,341 W 76th ST
436,1110 S PULASKI RD
437,5446 W FULLERTON
438,4674 W PETERSON AVE
439,3534 N WESTERN
440,5509 W FULLERTON
441,1638 N ASHLAND AVE
442,6330 S MARTIN LUTHER KING
443,5433 S PULASKI
444,3230 N MILWAUKEE AVE
445,4843 W FULLERTON
446,4040 W CHICAGO AVE
447,6125 N CICERO AVE
448,5025 S WESTERN AVE
449,1440 W CERMAK RD
450,7518 S VINCENNES
451,346 W 76th ST
452,3521 N WESTERN
453,5428 S PULASKI
454,6510 W BRYN MAWR AVE
455,3111 N ASHLAND AVE
456,2108 S WESTERN AVE
457,2115 S WESTERN AVE
458,2329 W DIVISION ST
459,4045 W 55TH
460,3115 N NARRAGANSETT AVE
461,630 S STATE
462,2440 W 51ST ST
463,3217 W 55TH ST
464,4040 W 55TH
465,11153 S VINCENNES
466,7826 S PULASKI
467,3116 N NARRAGANSETT AVE
468,14 W CHICAGO AVE
469,2550 W 79TH
470,3832 W 79TH
471,7739 S WESTERN
472,2603 W 79TH
473,7738 S WESTERN
474,3212 W 55TH ST
475,18 W SUPERIOR ST
476,3809 W BELMONT AVE
477,2326 W CERMAK RD
478,2335 W CERMAK RD
479,6514 W BELMONT AVE
480,2445 W 51ST ST
481,6443 W BELMONT AVE
482,3810 W BELMONT AVE
483,100 E JACKSON BLVD
484,100 E ONTARIO ST
485,628 N MICHIGAN AVE
486,300 S MICHIGAN AVE
487,5006 S WESTERN BLVD
488,340 W UPPER WACKER DR
489,200 N UPPER WACKER DR
490,319 E ILLINOIS ST
491,2400 W VAN BUREN STREET
